Mortgage Amortization Table,,,,,,,,
,,,,,,,,
Price of House,"$200,000",,Loan Paymet,$858.91,,Total Payments,"$309,209.25",
Down Payment %,20.00%,,Property Tax,$0.00,,Total Interest,"$149,209.25",
Down Payment $,"$40,000.00",,HOA,$0.00,,,,
Loan Amount ,"$160,000.00",,Property Insurance,$0.00,,,,
Mortgage Rate,5.00%,,Mortgage Insurance,$0.00,,,,
Monthly Mortgage Rate,0.42%,,Other,$0.00,,,,
Mortgage Term (Years),30,,Extra Payment,$0.00,,,,
,,,Total Monthly Payment,$858.91,,,,
,,,,,,,,
Month,Beginning Balance,Monthly Interest,Monthly Payment,Extra Payment,Ending Balance,Principal Repayment,Total Principal Repayment,Homeowner Equity
1,"$160,000.00",$666.67,$858.91,$0.00,"$159,807.75",$192.25,$192.25,"$40,000"
2,"$159,807.75",$665.87,$858.91,$0.00,"$159,614.70",$193.05,$385.30,"$40,385.30"
3,"$159,614.70",$665.06,$858.91,$0.00,"$159,420.85",$193.85,$579.15,"$40,579.15"
4,"$159,420.85",$664.25,$858.91,$0.00,"$159,226.19",$194.66,$773.81,"$40,773.81"
5,"$159,226.19",$663.44,$858.91,$0.00,"$159,030.72",$195.47,$969.28,"$40,969.28"
6,"$159,030.72",$662.63,$858.91,$0.00,"$158,834.43",$196.29,"$1,165.57","$41,165.57"
7,"$158,834.43",$661.81,$858.91,$0.00,"$158,637.33",$197.10,"$1,362.67","$41,362.67"
8,"$158,637.33",$660.99,$858.91,$0.00,"$158,439.40",$197.93,"$1,560.60","$41,560.60"
9,"$158,439.40",$660.16,$858.91,$0.00,"$158,240.65",$198.75,"$1,759.35","$41,759.35"
10,"$158,240.65",$659.34,$858.91,$0.00,"$158,041.07",$199.58,"$1,958.93","$41,958.93"
11,"$158,041.07",$658.50,$858.91,$0.00,"$157,840.66",$200.41,"$2,159.34","$42,159.34"
12,"$157,840.66",$657.67,$858.91,$0.00,"$157,639.42",$201.25,"$2,360.58","$42,360.58"
13,"$157,639.42",$656.83,$858.91,$0.00,"$157,437.33",$202.08,"$2,562.67","$42,562.67"
14,"$157,437.33",$655.99,$858.91,$0.00,"$157,234.41",$202.93,"$2,765.59","$42,765.59"
15,"$157,234.41",$655.14,$858.91,$0.00,"$157,030.63",$203.77,"$2,969.37","$42,969.37"
16,"$157,030.63",$654.29,$858.91,$0.00,"$156,826.01",$204.62,"$3,173.99","$43,173.99"
17,"$156,826.01",$653.44,$858.91,$0.00,"$156,620.54",$205.47,"$3,379.46","$43,379.46"
18,"$156,620.54",$652.59,$858.91,$0.00,"$156,414.21",$206.33,"$3,585.79","$43,585.79"
19,"$156,414.21",$651.73,$858.91,$0.00,"$156,207.02",$207.19,"$3,792.98","$43,792.98"
20,"$156,207.02",$650.86,$858.91,$0.00,"$155,998.97",$208.05,"$4,001.03","$44,001.03"
21,"$155,998.97",$650.00,$858.91,$0.00,"$155,790.05",$208.92,"$4,209.95","$44,209.95"
22,"$155,790.05",$649.13,$858.91,$0.00,"$155,580.26",$209.79,"$4,419.74","$44,419.74"
23,"$155,580.26",$648.25,$858.91,$0.00,"$155,369.60",$210.66,"$4,630.40","$44,630.40"
24,"$155,369.60",$647.37,$858.91,$0.00,"$155,158.06",$211.54,"$4,841.94","$44,841.94"
25,"$155,158.06",$646.49,$858.91,$0.00,"$154,945.64",$212.42,"$5,054.36","$45,054.36"
26,"$154,945.64",$645.61,$858.91,$0.00,"$154,732.33",$213.31,"$5,267.67","$45,267.67"
27,"$154,732.33",$644.72,$858.91,$0.00,"$154,518.13",$214.20,"$5,481.87","$45,481.87"
28,"$154,518.13",$643.83,$858.91,$0.00,"$154,303.04",$215.09,"$5,696.96","$45,696.96"
29,"$154,303.04",$642.93,$858.91,$0.00,"$154,087.06",$215.99,"$5,912.94","$45,912.94"
30,"$154,087.06",$642.03,$858.91,$0.00,"$153,870.17",$216.89,"$6,129.83","$46,129.83"
31,"$153,870.17",$641.13,$858.91,$0.00,"$153,652.38",$217.79,"$6,347.62","$46,347.62"
32,"$153,652.38",$640.22,$858.91,$0.00,"$153,433.69",$218.70,"$6,566.31","$46,566.31"
33,"$153,433.69",$639.31,$858.91,$0.00,"$153,214.08",$219.61,"$6,785.92","$46,785.92"
34,"$153,214.08",$638.39,$858.91,$0.00,"$152,993.56",$220.52,"$7,006.44","$47,006.44"
35,"$152,993.56",$637.47,$858.91,$0.00,"$152,772.12",$221.44,"$7,227.88","$47,227.88"
36,"$152,772.12",$636.55,$858.91,$0.00,"$152,549.75",$222.36,"$7,450.25","$47,450.25"
37,"$152,549.75",$635.62,$858.91,$0.00,"$152,326.46",$223.29,"$7,673.54","$47,673.54"
38,"$152,326.46",$634.69,$858.91,$0.00,"$152,102.24",$224.22,"$7,897.76","$47,897.76"
39,"$152,102.24",$633.76,$858.91,$0.00,"$151,877.08",$225.16,"$8,122.92","$48,122.92"
40,"$151,877.08",$632.82,$858.91,$0.00,"$151,650.99",$226.09,"$8,349.01","$48,349.01"
41,"$151,650.99",$631.88,$858.91,$0.00,"$151,423.96",$227.04,"$8,576.04","$48,576.04"
42,"$151,423.96",$630.93,$858.91,$0.00,"$151,195.97",$227.98,"$8,804.03","$48,804.03"
43,"$151,195.97",$629.98,$858.91,$0.00,"$150,967.04",$228.93,"$9,032.96","$49,032.96"
44,"$150,967.04",$629.03,$858.91,$0.00,"$150,737.16",$229.89,"$9,262.84","$49,262.84"
45,"$150,737.16",$628.07,$858.91,$0.00,"$150,506.31",$230.84,"$9,493.69","$49,493.69"
46,"$150,506.31",$627.11,$858.91,$0.00,"$150,274.51",$231.80,"$9,725.49","$49,725.49"
47,"$150,274.51",$626.14,$858.91,$0.00,"$150,041.74",$232.77,"$9,958.26","$49,958.26"
48,"$150,041.74",$625.17,$858.91,$0.00,"$149,808.00",$233.74,"$10,192.00","$50,192.00"
49,"$149,808.00",$624.20,$858.91,$0.00,"$149,573.28",$234.71,"$10,426.72","$50,426.72"
50,"$149,573.28",$623.22,$858.91,$0.00,"$149,337.59",$235.69,"$10,662.41","$50,662.41"
51,"$149,337.59",$622.24,$858.91,$0.00,"$149,100.92",$236.67,"$10,899.08","$50,899.08"
52,"$149,100.92",$621.25,$858.91,$0.00,"$148,863.26",$237.66,"$11,136.74","$51,136.74"
53,"$148,863.26",$620.26,$858.91,$0.00,"$148,624.60",$238.65,"$11,375.40","$51,375.40"
54,"$148,624.60",$619.27,$858.91,$0.00,"$148,384.96",$239.65,"$11,615.04","$51,615.04"
55,"$148,384.96",$618.27,$858.91,$0.00,"$148,144.32",$240.64,"$11,855.68","$51,855.68"
56,"$148,144.32",$617.27,$858.91,$0.00,"$147,902.67",$241.65,"$12,097.33","$52,097.33"
57,"$147,902.67",$616.26,$858.91,$0.00,"$147,660.01",$242.65,"$12,339.99","$52,339.99"
58,"$147,660.01",$615.25,$858.91,$0.00,"$147,416.35",$243.66,"$12,583.65","$52,583.65"
59,"$147,416.35",$614.23,$858.91,$0.00,"$147,171.67",$244.68,"$12,828.33","$52,828.33"
60,"$147,171.67",$613.22,$858.91,$0.00,"$146,925.97",$245.70,"$13,074.03","$53,074.03"
61,"$146,925.97",$612.19,$858.91,$0.00,"$146,679.25",$246.72,"$13,320.75","$53,320.75"
62,"$146,679.25",$611.16,$858.91,$0.00,"$146,431.50",$247.75,"$13,568.50","$53,568.50"
63,"$146,431.50",$610.13,$858.91,$0.00,"$146,182.71",$248.78,"$13,817.29","$53,817.29"
64,"$146,182.71",$609.09,$858.91,$0.00,"$145,932.89",$249.82,"$14,067.11","$54,067.11"
65,"$145,932.89",$608.05,$858.91,$0.00,"$145,682.03",$250.86,"$14,317.97","$54,317.97"
66,"$145,682.03",$607.01,$858.91,$0.00,"$145,430.13",$251.91,"$14,569.87","$54,569.87"
67,"$145,430.13",$605.96,$858.91,$0.00,"$145,177.17",$252.96,"$14,822.83","$54,822.83"
68,"$145,177.17",$604.90,$858.91,$0.00,"$144,923.16",$254.01,"$15,076.84","$55,076.84"
69,"$144,923.16",$603.85,$858.91,$0.00,"$144,668.09",$255.07,"$15,331.91","$55,331.91"
70,"$144,668.09",$602.78,$858.91,$0.00,"$144,411.96",$256.13,"$15,588.04","$55,588.04"
71,"$144,411.96",$601.72,$858.91,$0.00,"$144,154.76",$257.20,"$15,845.24","$55,845.24"
72,"$144,154.76",$600.64,$858.91,$0.00,"$143,896.49",$258.27,"$16,103.51","$56,103.51"
73,"$143,896.49",$599.57,$858.91,$0.00,"$143,637.15",$259.35,"$16,362.85","$56,362.85"
74,"$143,637.15",$598.49,$858.91,$0.00,"$143,376.72",$260.43,"$16,623.28","$56,623.28"
75,"$143,376.72",$597.40,$858.91,$0.00,"$143,115.21",$261.51,"$16,884.79","$56,884.79"
76,"$143,115.21",$596.31,$858.91,$0.00,"$142,852.61",$262.60,"$17,147.39","$57,147.39"
77,"$142,852.61",$595.22,$858.91,$0.00,"$142,588.91",$263.70,"$17,411.09","$57,411.09"
78,"$142,588.91",$594.12,$858.91,$0.00,"$142,324.12",$264.79,"$17,675.88","$57,675.88"
79,"$142,324.12",$593.02,$858.91,$0.00,"$142,058.22",$265.90,"$17,941.78","$57,941.78"
80,"$142,058.22",$591.91,$858.91,$0.00,"$141,791.22",$267.01,"$18,208.78","$58,208.78"
81,"$141,791.22",$590.80,$858.91,$0.00,"$141,523.10",$268.12,"$18,476.90","$58,476.90"
82,"$141,523.10",$589.68,$858.91,$0.00,"$141,253.86",$269.24,"$18,746.14","$58,746.14"
83,"$141,253.86",$588.56,$858.91,$0.00,"$140,983.51",$270.36,"$19,016.49","$59,016.49"
84,"$140,983.51",$587.43,$858.91,$0.00,"$140,712.02",$271.48,"$19,287.98","$59,287.98"
85,"$140,712.02",$586.30,$858.91,$0.00,"$140,439.41",$272.61,"$19,560.59","$59,560.59"
86,"$140,439.41",$585.16,$858.91,$0.00,"$140,165.66",$273.75,"$19,834.34","$59,834.34"
87,"$140,165.66",$584.02,$858.91,$0.00,"$139,890.77",$274.89,"$20,109.23","$60,109.23"
88,"$139,890.77",$582.88,$858.91,$0.00,"$139,614.73",$276.04,"$20,385.27","$60,385.27"
89,"$139,614.73",$581.73,$858.91,$0.00,"$139,337.55",$277.19,"$20,662.45","$60,662.45"
90,"$139,337.55",$580.57,$858.91,$0.00,"$139,059.20",$278.34,"$20,940.80","$60,940.80"
91,"$139,059.20",$579.41,$858.91,$0.00,"$138,779.70",$279.50,"$21,220.30","$61,220.30"
92,"$138,779.70",$578.25,$858.91,$0.00,"$138,499.04",$280.67,"$21,500.96","$61,500.96"
93,"$138,499.04",$577.08,$858.91,$0.00,"$138,217.20",$281.84,"$21,782.80","$61,782.80"
94,"$138,217.20",$575.91,$858.91,$0.00,"$137,934.19",$283.01,"$22,065.81","$62,065.81"
95,"$137,934.19",$574.73,$858.91,$0.00,"$137,650.00",$284.19,"$22,350.00","$62,350.00"
96,"$137,650.00",$573.54,$858.91,$0.00,"$137,364.63",$285.37,"$22,635.37","$62,635.37"
97,"$137,364.63",$572.35,$858.91,$0.00,"$137,078.07",$286.56,"$22,921.93","$62,921.93"
98,"$137,078.07",$571.16,$858.91,$0.00,"$136,790.31",$287.76,"$23,209.69","$63,209.69"
99,"$136,790.31",$569.96,$858.91,$0.00,"$136,501.36",$288.95,"$23,498.64","$63,498.64"
100,"$136,501.36",$568.76,$858.91,$0.00,"$136,211.20",$290.16,"$23,788.80","$63,788.80"
101,"$136,211.20",$567.55,$858.91,$0.00,"$135,919.83",$291.37,"$24,080.17","$64,080.17"
102,"$135,919.83",$566.33,$858.91,$0.00,"$135,627.25",$292.58,"$24,372.75","$64,372.75"
103,"$135,627.25",$565.11,$858.91,$0.00,"$135,333.45",$293.80,"$24,666.55","$64,666.55"
104,"$135,333.45",$563.89,$858.91,$0.00,"$135,038.42",$295.03,"$24,961.58","$64,961.58"
105,"$135,038.42",$562.66,$858.91,$0.00,"$134,742.17",$296.25,"$25,257.83","$65,257.83"
106,"$134,742.17",$561.43,$858.91,$0.00,"$134,444.68",$297.49,"$25,555.32","$65,555.32"
107,"$134,444.68",$560.19,$858.91,$0.00,"$134,145.95",$298.73,"$25,854.05","$65,854.05"
108,"$134,145.95",$558.94,$858.91,$0.00,"$133,845.98",$299.97,"$26,154.02","$66,154.02"
109,"$133,845.98",$557.69,$858.91,$0.00,"$133,544.75",$301.22,"$26,455.25","$66,455.25"
110,"$133,544.75",$556.44,$858.91,$0.00,"$133,242.28",$302.48,"$26,757.72","$66,757.72"
111,"$133,242.28",$555.18,$858.91,$0.00,"$132,938.54",$303.74,"$27,061.46","$67,061.46"
112,"$132,938.54",$553.91,$858.91,$0.00,"$132,633.53",$305.00,"$27,366.47","$67,366.47"
113,"$132,633.53",$552.64,$858.91,$0.00,"$132,327.26",$306.27,"$27,672.74","$67,672.74"
114,"$132,327.26",$551.36,$858.91,$0.00,"$132,019.71",$307.55,"$27,980.29","$67,980.29"
115,"$132,019.71",$550.08,$858.91,$0.00,"$131,710.88",$308.83,"$28,289.12","$68,289.12"
116,"$131,710.88",$548.80,$858.91,$0.00,"$131,400.76",$310.12,"$28,599.24","$68,599.24"
117,"$131,400.76",$547.50,$858.91,$0.00,"$131,089.34",$311.41,"$28,910.66","$68,910.66"
118,"$131,089.34",$546.21,$858.91,$0.00,"$130,776.64",$312.71,"$29,223.36","$69,223.36"
119,"$130,776.64",$544.90,$858.91,$0.00,"$130,462.62",$314.01,"$29,537.38","$69,537.38"
120,"$130,462.62",$543.59,$858.91,$0.00,"$130,147.30",$315.32,"$29,852.70","$69,852.70"
121,"$130,147.30",$542.28,$858.91,$0.00,"$129,830.67",$316.63,"$30,169.33","$70,169.33"
122,"$129,830.67",$540.96,$858.91,$0.00,"$129,512.72",$317.95,"$30,487.28","$70,487.28"
123,"$129,512.72",$539.64,$858.91,$0.00,"$129,193.44",$319.28,"$30,806.56","$70,806.56"
124,"$129,193.44",$538.31,$858.91,$0.00,"$128,872.83",$320.61,"$31,127.17","$71,127.17"
125,"$128,872.83",$536.97,$858.91,$0.00,"$128,550.88",$321.94,"$31,449.12","$71,449.12"
126,"$128,550.88",$535.63,$858.91,$0.00,"$128,227.60",$323.29,"$31,772.40","$71,772.40"
127,"$128,227.60",$534.28,$858.91,$0.00,"$127,902.97",$324.63,"$32,097.03","$72,097.03"
128,"$127,902.97",$532.93,$858.91,$0.00,"$127,576.98",$325.99,"$32,423.02","$72,423.02"
129,"$127,576.98",$531.57,$858.91,$0.00,"$127,249.64",$327.34,"$32,750.36","$72,750.36"
130,"$127,249.64",$530.21,$858.91,$0.00,"$126,920.93",$328.71,"$33,079.07","$73,079.07"
131,"$126,920.93",$528.84,$858.91,$0.00,"$126,590.85",$330.08,"$33,409.15","$73,409.15"
132,"$126,590.85",$527.46,$858.91,$0.00,"$126,259.40",$331.45,"$33,740.60","$73,740.60"
133,"$126,259.40",$526.08,$858.91,$0.00,"$125,926.56",$332.83,"$34,073.44","$74,073.44"
134,"$125,926.56",$524.69,$858.91,$0.00,"$125,592.34",$334.22,"$34,407.66","$74,407.66"
135,"$125,592.34",$523.30,$858.91,$0.00,"$125,256.73",$335.61,"$34,743.27","$74,743.27"
136,"$125,256.73",$521.90,$858.91,$0.00,"$124,919.72",$337.01,"$35,080.28","$75,080.28"
137,"$124,919.72",$520.50,$858.91,$0.00,"$124,581.30",$338.42,"$35,418.70","$75,418.70"
138,"$124,581.30",$519.09,$858.91,$0.00,"$124,241.48",$339.83,"$35,758.52","$75,758.52"
139,"$124,241.48",$517.67,$858.91,$0.00,"$123,900.24",$341.24,"$36,099.76","$76,099.76"
140,"$123,900.24",$516.25,$858.91,$0.00,"$123,557.57",$342.66,"$36,442.43","$76,442.43"
141,"$123,557.57",$514.82,$858.91,$0.00,"$123,213.48",$344.09,"$36,786.52","$76,786.52"
142,"$123,213.48",$513.39,$858.91,$0.00,"$122,867.96",$345.53,"$37,132.04","$77,132.04"
143,"$122,867.96",$511.95,$858.91,$0.00,"$122,520.99",$346.96,"$37,479.01","$77,479.01"
144,"$122,520.99",$510.50,$858.91,$0.00,"$122,172.58",$348.41,"$37,827.42","$77,827.42"
145,"$122,172.58",$509.05,$858.91,$0.00,"$121,822.72",$349.86,"$38,177.28","$78,177.28"
146,"$121,822.72",$507.59,$858.91,$0.00,"$121,471.40",$351.32,"$38,528.60","$78,528.60"
147,"$121,471.40",$506.13,$858.91,$0.00,"$121,118.61",$352.78,"$38,881.39","$78,881.39"
148,"$121,118.61",$504.66,$858.91,$0.00,"$120,764.36",$354.25,"$39,235.64","$79,235.64"
149,"$120,764.36",$503.18,$858.91,$0.00,"$120,408.63",$355.73,"$39,591.37","$79,591.37"
150,"$120,408.63",$501.70,$858.91,$0.00,"$120,051.42",$357.21,"$39,948.58","$79,948.58"
151,"$120,051.42",$500.21,$858.91,$0.00,"$119,692.72",$358.70,"$40,307.28","$80,307.28"
152,"$119,692.72",$498.72,$858.91,$0.00,"$119,332.52",$360.19,"$40,667.48","$80,667.48"
153,"$119,332.52",$497.22,$858.91,$0.00,"$118,970.83",$361.70,"$41,029.17","$81,029.17"
154,"$118,970.83",$495.71,$858.91,$0.00,"$118,607.63",$363.20,"$41,392.37","$81,392.37"
155,"$118,607.63",$494.20,$858.91,$0.00,"$118,242.91",$364.72,"$41,757.09","$81,757.09"
156,"$118,242.91",$492.68,$858.91,$0.00,"$117,876.67",$366.24,"$42,123.33","$82,123.33"
157,"$117,876.67",$491.15,$858.91,$0.00,"$117,508.91",$367.76,"$42,491.09","$82,491.09"
158,"$117,508.91",$489.62,$858.91,$0.00,"$117,139.62",$369.29,"$42,860.38","$82,860.38"
159,"$117,139.62",$488.08,$858.91,$0.00,"$116,768.78",$370.83,"$43,231.22","$83,231.22"
160,"$116,768.78",$486.54,$858.91,$0.00,"$116,396.41",$372.38,"$43,603.59","$83,603.59"
161,"$116,396.41",$484.99,$858.91,$0.00,"$116,022.48",$373.93,"$43,977.52","$83,977.52"
162,"$116,022.48",$483.43,$858.91,$0.00,"$115,646.99",$375.49,"$44,353.01","$84,353.01"
163,"$115,646.99",$481.86,$858.91,$0.00,"$115,269.94",$377.05,"$44,730.06","$84,730.06"
164,"$115,269.94",$480.29,$858.91,$0.00,"$114,891.31",$378.62,"$45,108.69","$85,108.69"
165,"$114,891.31",$478.71,$858.91,$0.00,"$114,511.11",$380.20,"$45,488.89","$85,488.89"
166,"$114,511.11",$477.13,$858.91,$0.00,"$114,129.33",$381.78,"$45,870.67","$85,870.67"
167,"$114,129.33",$475.54,$858.91,$0.00,"$113,745.95",$383.38,"$46,254.05","$86,254.05"
168,"$113,745.95",$473.94,$858.91,$0.00,"$113,360.98",$384.97,"$46,639.02","$86,639.02"
169,"$113,360.98",$472.34,$858.91,$0.00,"$112,974.40",$386.58,"$47,025.60","$87,025.60"
170,"$112,974.40",$470.73,$858.91,$0.00,"$112,586.21",$388.19,"$47,413.79","$87,413.79"
171,"$112,586.21",$469.11,$858.91,$0.00,"$112,196.41",$389.81,"$47,803.59","$87,803.59"
172,"$112,196.41",$467.49,$858.91,$0.00,"$111,804.98",$391.43,"$48,195.02","$88,195.02"
173,"$111,804.98",$465.85,$858.91,$0.00,"$111,411.92",$393.06,"$48,588.08","$88,588.08"
174,"$111,411.92",$464.22,$858.91,$0.00,"$111,017.22",$394.70,"$48,982.78","$88,982.78"
175,"$111,017.22",$462.57,$858.91,$0.00,"$110,620.88",$396.34,"$49,379.12","$89,379.12"
176,"$110,620.88",$460.92,$858.91,$0.00,"$110,222.88",$397.99,"$49,777.12","$89,777.12"
177,"$110,222.88",$459.26,$858.91,$0.00,"$109,823.23",$399.65,"$50,176.77","$90,176.77"
178,"$109,823.23",$457.60,$858.91,$0.00,"$109,421.91",$401.32,"$50,578.09","$90,578.09"
179,"$109,421.91",$455.92,$858.91,$0.00,"$109,018.92",$402.99,"$50,981.08","$90,981.08"
180,"$109,018.92",$454.25,$858.91,$0.00,"$108,614.25",$404.67,"$51,385.75","$91,385.75"
181,"$108,614.25",$452.56,$858.91,$0.00,"$108,207.90",$406.36,"$51,792.10","$91,792.10"
182,"$108,207.90",$450.87,$858.91,$0.00,"$107,799.85",$408.05,"$52,200.15","$92,200.15"
183,"$107,799.85",$449.17,$858.91,$0.00,"$107,390.10",$409.75,"$52,609.90","$92,609.90"
184,"$107,390.10",$447.46,$858.91,$0.00,"$106,978.65",$411.46,"$53,021.35","$93,021.35"
185,"$106,978.65",$445.74,$858.91,$0.00,"$106,565.48",$413.17,"$53,434.52","$93,434.52"
186,"$106,565.48",$444.02,$858.91,$0.00,"$106,150.58",$414.89,"$53,849.42","$93,849.42"
187,"$106,150.58",$442.29,$858.91,$0.00,"$105,733.96",$416.62,"$54,266.04","$94,266.04"
188,"$105,733.96",$440.56,$858.91,$0.00,"$105,315.61",$418.36,"$54,684.39","$94,684.39"
189,"$105,315.61",$438.82,$858.91,$0.00,"$104,895.51",$420.10,"$55,104.49","$95,104.49"
190,"$104,895.51",$437.06,$858.91,$0.00,"$104,473.66",$421.85,"$55,526.34","$95,526.34"
191,"$104,473.66",$435.31,$858.91,$0.00,"$104,050.05",$423.61,"$55,949.95","$95,949.95"
192,"$104,050.05",$433.54,$858.91,$0.00,"$103,624.68",$425.37,"$56,375.32","$96,375.32"
193,"$103,624.68",$431.77,$858.91,$0.00,"$103,197.53",$427.15,"$56,802.47","$96,802.47"
194,"$103,197.53",$429.99,$858.91,$0.00,"$102,768.61",$428.92,"$57,231.39","$97,231.39"
195,"$102,768.61",$428.20,$858.91,$0.00,"$102,337.89",$430.71,"$57,662.11","$97,662.11"
196,"$102,337.89",$426.41,$858.91,$0.00,"$101,905.39",$432.51,"$58,094.61","$98,094.61"
197,"$101,905.39",$424.61,$858.91,$0.00,"$101,471.08",$434.31,"$58,528.92","$98,528.92"
198,"$101,471.08",$422.80,$858.91,$0.00,"$101,034.96",$436.12,"$58,965.04","$98,965.04"
199,"$101,034.96",$420.98,$858.91,$0.00,"$100,597.03",$437.94,"$59,402.97","$99,402.97"
200,"$100,597.03",$419.15,$858.91,$0.00,"$100,157.27",$439.76,"$59,842.73","$99,842.73"
201,"$100,157.27",$417.32,$858.91,$0.00,"$99,715.67",$441.59,"$60,284.33","$100,284.33"
202,"$99,715.67",$415.48,$858.91,$0.00,"$99,272.24",$443.43,"$60,727.76","$100,727.76"
203,"$99,272.24",$413.63,$858.91,$0.00,"$98,826.96",$445.28,"$61,173.04","$101,173.04"
204,"$98,826.96",$411.78,$858.91,$0.00,"$98,379.82",$447.14,"$61,620.18","$101,620.18"
205,"$98,379.82",$409.92,$858.91,$0.00,"$97,930.83",$449.00,"$62,069.17","$102,069.17"
206,"$97,930.83",$408.05,$858.91,$0.00,"$97,479.96",$450.87,"$62,520.04","$102,520.04"
207,"$97,479.96",$406.17,$858.91,$0.00,"$97,027.21",$452.75,"$62,972.79","$102,972.79"
208,"$97,027.21",$404.28,$858.91,$0.00,"$96,572.57",$454.63,"$63,427.43","$103,427.43"
209,"$96,572.57",$402.39,$858.91,$0.00,"$96,116.04",$456.53,"$63,883.96","$103,883.96"
210,"$96,116.04",$400.48,$858.91,$0.00,"$95,657.61",$458.43,"$64,342.39","$104,342.39"
211,"$95,657.61",$398.57,$858.91,$0.00,"$95,197.27",$460.34,"$64,802.73","$104,802.73"
212,"$95,197.27",$396.66,$858.91,$0.00,"$94,735.01",$462.26,"$65,264.99","$105,264.99"
213,"$94,735.01",$394.73,$858.91,$0.00,"$94,270.83",$464.19,"$65,729.17","$105,729.17"
214,"$94,270.83",$392.80,$858.91,$0.00,"$93,804.71",$466.12,"$66,195.29","$106,195.29"
215,"$93,804.71",$390.85,$858.91,$0.00,"$93,336.65",$468.06,"$66,663.35","$106,663.35"
216,"$93,336.65",$388.90,$858.91,$0.00,"$92,866.63",$470.01,"$67,133.37","$107,133.37"
217,"$92,866.63",$386.94,$858.91,$0.00,"$92,394.66",$471.97,"$67,605.34","$107,605.34"
218,"$92,394.66",$384.98,$858.91,$0.00,"$91,920.73",$473.94,"$68,079.27","$108,079.27"
219,"$91,920.73",$383.00,$858.91,$0.00,"$91,444.82",$475.91,"$68,555.18","$108,555.18"
220,"$91,444.82",$381.02,$858.91,$0.00,"$90,966.92",$477.89,"$69,033.08","$109,033.08"
221,"$90,966.92",$379.03,$858.91,$0.00,"$90,487.04",$479.89,"$69,512.96","$109,512.96"
222,"$90,487.04",$377.03,$858.91,$0.00,"$90,005.15",$481.89,"$69,994.85","$109,994.85"
223,"$90,005.15",$375.02,$858.91,$0.00,"$89,521.26",$483.89,"$70,478.74","$110,478.74"
224,"$89,521.26",$373.01,$858.91,$0.00,"$89,035.35",$485.91,"$70,964.65","$110,964.65"
225,"$89,035.35",$370.98,$858.91,$0.00,"$88,547.41",$487.93,"$71,452.59","$111,452.59"
226,"$88,547.41",$368.95,$858.91,$0.00,"$88,057.45",$489.97,"$71,942.55","$111,942.55"
227,"$88,057.45",$366.91,$858.91,$0.00,"$87,565.44",$492.01,"$72,434.56","$112,434.56"
228,"$87,565.44",$364.86,$858.91,$0.00,"$87,071.38",$494.06,"$72,928.62","$112,928.62"
229,"$87,071.38",$362.80,$858.91,$0.00,"$86,575.26",$496.12,"$73,424.74","$113,424.74"
230,"$86,575.26",$360.73,$858.91,$0.00,"$86,077.08",$498.18,"$73,922.92","$113,922.92"
231,"$86,077.08",$358.65,$858.91,$0.00,"$85,576.82",$500.26,"$74,423.18","$114,423.18"
232,"$85,576.82",$356.57,$858.91,$0.00,"$85,074.47",$502.34,"$74,925.53","$114,925.53"
233,"$85,074.47",$354.48,$858.91,$0.00,"$84,570.04",$504.44,"$75,429.96","$115,429.96"
234,"$84,570.04",$352.38,$858.91,$0.00,"$84,063.50",$506.54,"$75,936.50","$115,936.50"
235,"$84,063.50",$350.26,$858.91,$0.00,"$83,554.85",$508.65,"$76,445.15","$116,445.15"
236,"$83,554.85",$348.15,$858.91,$0.00,"$83,044.08",$510.77,"$76,955.92","$116,955.92"
237,"$83,044.08",$346.02,$858.91,$0.00,"$82,531.18",$512.90,"$77,468.82","$117,468.82"
238,"$82,531.18",$343.88,$858.91,$0.00,"$82,016.14",$515.03,"$77,983.86","$117,983.86"
239,"$82,016.14",$341.73,$858.91,$0.00,"$81,498.96",$517.18,"$78,501.04","$118,501.04"
240,"$81,498.96",$339.58,$858.91,$0.00,"$80,979.63",$519.34,"$79,020.37","$119,020.37"
241,"$80,979.63",$337.42,$858.91,$0.00,"$80,458.13",$521.50,"$79,541.87","$119,541.87"
242,"$80,458.13",$335.24,$858.91,$0.00,"$79,934.46",$523.67,"$80,065.54","$120,065.54"
243,"$79,934.46",$333.06,$858.91,$0.00,"$79,408.60",$525.85,"$80,591.40","$120,591.40"
244,"$79,408.60",$330.87,$858.91,$0.00,"$78,880.56",$528.05,"$81,119.44","$121,119.44"
245,"$78,880.56",$328.67,$858.91,$0.00,"$78,350.31",$530.25,"$81,649.69","$121,649.69"
246,"$78,350.31",$326.46,$858.91,$0.00,"$77,817.86",$532.45,"$82,182.14","$122,182.14"
247,"$77,817.86",$324.24,$858.91,$0.00,"$77,283.18",$534.67,"$82,716.82","$122,716.82"
248,"$77,283.18",$322.01,$858.91,$0.00,"$76,746.28",$536.90,"$83,253.72","$123,253.72"
249,"$76,746.28",$319.78,$858.91,$0.00,"$76,207.14",$539.14,"$83,792.86","$123,792.86"
250,"$76,207.14",$317.53,$858.91,$0.00,"$75,665.76",$541.38,"$84,334.24","$124,334.24"
251,"$75,665.76",$315.27,$858.91,$0.00,"$75,122.12",$543.64,"$84,877.88","$124,877.88"
252,"$75,122.12",$313.01,$858.91,$0.00,"$74,576.21",$545.91,"$85,423.79","$125,423.79"
253,"$74,576.21",$310.73,$858.91,$0.00,"$74,028.03",$548.18,"$85,971.97","$125,971.97"
254,"$74,028.03",$308.45,$858.91,$0.00,"$73,477.57",$550.46,"$86,522.43","$126,522.43"
255,"$73,477.57",$306.16,$858.91,$0.00,"$72,924.81",$552.76,"$87,075.19","$127,075.19"
256,"$72,924.81",$303.85,$858.91,$0.00,"$72,369.75",$555.06,"$87,630.25","$127,630.25"
257,"$72,369.75",$301.54,$858.91,$0.00,"$71,812.37",$557.37,"$88,187.63","$128,187.63"
258,"$71,812.37",$299.22,$858.91,$0.00,"$71,252.68",$559.70,"$88,747.32","$128,747.32"
259,"$71,252.68",$296.89,$858.91,$0.00,"$70,690.65",$562.03,"$89,309.35","$129,309.35"
260,"$70,690.65",$294.54,$858.91,$0.00,"$70,126.28",$564.37,"$89,873.72","$129,873.72"
261,"$70,126.28",$292.19,$858.91,$0.00,"$69,559.56",$566.72,"$90,440.44","$130,440.44"
262,"$69,559.56",$289.83,$858.91,$0.00,"$68,990.47",$569.08,"$91,009.53","$131,009.53"
263,"$68,990.47",$287.46,$858.91,$0.00,"$68,419.02",$571.45,"$91,580.98","$131,580.98"
264,"$68,419.02",$285.08,$858.91,$0.00,"$67,845.18",$573.84,"$92,154.82","$132,154.82"
265,"$67,845.18",$282.69,$858.91,$0.00,"$67,268.96",$576.23,"$92,731.04","$132,731.04"
266,"$67,268.96",$280.29,$858.91,$0.00,"$66,690.33",$578.63,"$93,309.67","$133,309.67"
267,"$66,690.33",$277.88,$858.91,$0.00,"$66,109.29",$581.04,"$93,890.71","$133,890.71"
268,"$66,109.29",$275.46,$858.91,$0.00,"$65,525.83",$583.46,"$94,474.17","$134,474.17"
269,"$65,525.83",$273.02,$858.91,$0.00,"$64,939.94",$585.89,"$95,060.06","$135,060.06"
270,"$64,939.94",$270.58,$858.91,$0.00,"$64,351.61",$588.33,"$95,648.39","$135,648.39"
271,"$64,351.61",$268.13,$858.91,$0.00,"$63,760.83",$590.78,"$96,239.17","$136,239.17"
272,"$63,760.83",$265.67,$858.91,$0.00,"$63,167.58",$593.24,"$96,832.42","$136,832.42"
273,"$63,167.58",$263.20,$858.91,$0.00,"$62,571.87",$595.72,"$97,428.13","$137,428.13"
274,"$62,571.87",$260.72,$858.91,$0.00,"$61,973.67",$598.20,"$98,026.33","$138,026.33"
275,"$61,973.67",$258.22,$858.91,$0.00,"$61,372.98",$600.69,"$98,627.02","$138,627.02"
276,"$61,372.98",$255.72,$858.91,$0.00,"$60,769.78",$603.19,"$99,230.22","$139,230.22"
277,"$60,769.78",$253.21,$858.91,$0.00,"$60,164.08",$605.71,"$99,835.92","$139,835.92"
278,"$60,164.08",$250.68,$858.91,$0.00,"$59,555.85",$608.23,"$100,444.15","$140,444.15"
279,"$59,555.85",$248.15,$858.91,$0.00,"$58,945.08",$610.77,"$101,054.92","$141,054.92"
280,"$58,945.08",$245.60,$858.91,$0.00,"$58,331.77",$613.31,"$101,668.23","$141,668.23"
281,"$58,331.77",$243.05,$858.91,$0.00,"$57,715.90",$615.87,"$102,284.10","$142,284.10"
282,"$57,715.90",$240.48,$858.91,$0.00,"$57,097.47",$618.43,"$102,902.53","$142,902.53"
283,"$57,097.47",$237.91,$858.91,$0.00,"$56,476.46",$621.01,"$103,523.54","$143,523.54"
284,"$56,476.46",$235.32,$858.91,$0.00,"$55,852.87",$623.60,"$104,147.13","$144,147.13"
285,"$55,852.87",$232.72,$858.91,$0.00,"$55,226.67",$626.19,"$104,773.33","$144,773.33"
286,"$55,226.67",$230.11,$858.91,$0.00,"$54,597.87",$628.80,"$105,402.13","$145,402.13"
287,"$54,597.87",$227.49,$858.91,$0.00,"$53,966.45",$631.42,"$106,033.55","$146,033.55"
288,"$53,966.45",$224.86,$858.91,$0.00,"$53,332.39",$634.05,"$106,667.61","$146,667.61"
289,"$53,332.39",$222.22,$858.91,$0.00,"$52,695.70",$636.70,"$107,304.30","$147,304.30"
290,"$52,695.70",$219.57,$858.91,$0.00,"$52,056.35",$639.35,"$107,943.65","$147,943.65"
291,"$52,056.35",$216.90,$858.91,$0.00,"$51,414.33",$642.01,"$108,585.67","$148,585.67"
292,"$51,414.33",$214.23,$858.91,$0.00,"$50,769.65",$644.69,"$109,230.35","$149,230.35"
293,"$50,769.65",$211.54,$858.91,$0.00,"$50,122.27",$647.37,"$109,877.73","$149,877.73"
294,"$50,122.27",$208.84,$858.91,$0.00,"$49,472.20",$650.07,"$110,527.80","$150,527.80"
295,"$49,472.20",$206.13,$858.91,$0.00,"$48,819.42",$652.78,"$111,180.58","$151,180.58"
296,"$48,819.42",$203.41,$858.91,$0.00,"$48,163.92",$655.50,"$111,836.08","$151,836.08"
297,"$48,163.92",$200.68,$858.91,$0.00,"$47,505.69",$658.23,"$112,494.31","$152,494.31"
298,"$47,505.69",$197.94,$858.91,$0.00,"$46,844.71",$660.97,"$113,155.29","$153,155.29"
299,"$46,844.71",$195.19,$858.91,$0.00,"$46,180.98",$663.73,"$113,819.02","$153,819.02"
300,"$46,180.98",$192.42,$858.91,$0.00,"$45,514.49",$666.49,"$114,485.51","$154,485.51"
301,"$45,514.49",$189.64,$858.91,$0.00,"$44,845.22",$669.27,"$115,154.78","$155,154.78"
302,"$44,845.22",$186.86,$858.91,$0.00,"$44,173.16",$672.06,"$115,826.84","$155,826.84"
303,"$44,173.16",$184.05,$858.91,$0.00,"$43,498.30",$674.86,"$116,501.70","$156,501.70"
304,"$43,498.30",$181.24,$858.91,$0.00,"$42,820.63",$677.67,"$117,179.37","$157,179.37"
305,"$42,820.63",$178.42,$858.91,$0.00,"$42,140.13",$680.50,"$117,859.87","$157,859.87"
306,"$42,140.13",$175.58,$858.91,$0.00,"$41,456.80",$683.33,"$118,543.20","$158,543.20"
307,"$41,456.80",$172.74,$858.91,$0.00,"$40,770.63",$686.18,"$119,229.37","$159,229.37"
308,"$40,770.63",$169.88,$858.91,$0.00,"$40,081.59",$689.04,"$119,918.41","$159,918.41"
309,"$40,081.59",$167.01,$858.91,$0.00,"$39,389.68",$691.91,"$120,610.32","$160,610.32"
310,"$39,389.68",$164.12,$858.91,$0.00,"$38,694.89",$694.79,"$121,305.11","$161,305.11"
311,"$38,694.89",$161.23,$858.91,$0.00,"$37,997.20",$697.69,"$122,002.80","$162,002.80"
312,"$37,997.20",$158.32,$858.91,$0.00,"$37,296.61",$700.59,"$122,703.39","$162,703.39"
313,"$37,296.61",$155.40,$858.91,$0.00,"$36,593.10",$703.51,"$123,406.90","$163,406.90"
314,"$36,593.10",$152.47,$858.91,$0.00,"$35,886.66",$706.44,"$124,113.34","$164,113.34"
315,"$35,886.66",$149.53,$858.91,$0.00,"$35,177.27",$709.39,"$124,822.73","$164,822.73"
316,"$35,177.27",$146.57,$858.91,$0.00,"$34,464.93",$712.34,"$125,535.07","$165,535.07"
317,"$34,464.93",$143.60,$858.91,$0.00,"$33,749.62",$715.31,"$126,250.38","$166,250.38"
318,"$33,749.62",$140.62,$858.91,$0.00,"$33,031.32",$718.29,"$126,968.68","$166,968.68"
319,"$33,031.32",$137.63,$858.91,$0.00,"$32,310.04",$721.28,"$127,689.96","$167,689.96"
320,"$32,310.04",$134.63,$858.91,$0.00,"$31,585.75",$724.29,"$128,414.25","$168,414.25"
321,"$31,585.75",$131.61,$858.91,$0.00,"$30,858.44",$727.31,"$129,141.56","$169,141.56"
322,"$30,858.44",$128.58,$858.91,$0.00,"$30,128.11",$730.34,"$129,871.89","$169,871.89"
323,"$30,128.11",$125.53,$858.91,$0.00,"$29,394.72",$733.38,"$130,605.28","$170,605.28"
324,"$29,394.72",$122.48,$858.91,$0.00,"$28,658.29",$736.44,"$131,341.71","$171,341.71"
325,"$28,658.29",$119.41,$858.91,$0.00,"$27,918.78",$739.51,"$132,081.22","$172,081.22"
326,"$27,918.78",$116.33,$858.91,$0.00,"$27,176.20",$742.59,"$132,823.80","$172,823.80"
327,"$27,176.20",$113.23,$858.91,$0.00,"$26,430.52",$745.68,"$133,569.48","$173,569.48"
328,"$26,430.52",$110.13,$858.91,$0.00,"$25,681.73",$748.79,"$134,318.27","$174,318.27"
329,"$25,681.73",$107.01,$858.91,$0.00,"$24,929.82",$751.91,"$135,070.18","$175,070.18"
330,"$24,929.82",$103.87,$858.91,$0.00,"$24,174.78",$755.04,"$135,825.22","$175,825.22"
331,"$24,174.78",$100.73,$858.91,$0.00,"$23,416.59",$758.19,"$136,583.41","$176,583.41"
332,"$23,416.59",$97.57,$858.91,$0.00,"$22,655.25",$761.35,"$137,344.75","$177,344.75"
333,"$22,655.25",$94.40,$858.91,$0.00,"$21,890.73",$764.52,"$138,109.27","$178,109.27"
334,"$21,890.73",$91.21,$858.91,$0.00,"$21,123.03",$767.70,"$138,876.97","$178,876.97"
335,"$21,123.03",$88.01,$858.91,$0.00,"$20,352.13",$770.90,"$139,647.87","$179,647.87"
336,"$20,352.13",$84.80,$858.91,$0.00,"$19,578.01",$774.11,"$140,421.99","$180,421.99"
337,"$19,578.01",$81.58,$858.91,$0.00,"$18,800.67",$777.34,"$141,199.33","$181,199.33"
338,"$18,800.67",$78.34,$858.91,$0.00,"$18,020.09",$780.58,"$141,979.91","$181,979.91"
339,"$18,020.09",$75.08,$858.91,$0.00,"$17,236.26",$783.83,"$142,763.74","$182,763.74"
340,"$17,236.26",$71.82,$858.91,$0.00,"$16,449.17",$787.10,"$143,550.83","$183,550.83"
341,"$16,449.17",$68.54,$858.91,$0.00,"$15,658.79",$790.38,"$144,341.21","$184,341.21"
342,"$15,658.79",$65.24,$858.91,$0.00,"$14,865.12",$793.67,"$145,134.88","$185,134.88"
343,"$14,865.12",$61.94,$858.91,$0.00,"$14,068.14",$796.98,"$145,931.86","$185,931.86"
344,"$14,068.14",$58.62,$858.91,$0.00,"$13,267.85",$800.30,"$146,732.15","$186,732.15"
345,"$13,267.85",$55.28,$858.91,$0.00,"$12,464.21",$803.63,"$147,535.79","$187,535.79"
346,"$12,464.21",$51.93,$858.91,$0.00,"$11,657.23",$806.98,"$148,342.77","$188,342.77"
347,"$11,657.23",$48.57,$858.91,$0.00,"$10,846.89",$810.34,"$149,153.11","$189,153.11"
348,"$10,846.89",$45.20,$858.91,$0.00,"$10,033.17",$813.72,"$149,966.83","$189,966.83"
349,"$10,033.17",$41.80,$858.91,$0.00,"$9,216.06",$817.11,"$150,783.94","$190,783.94"
350,"$9,216.06",$38.40,$858.91,$0.00,"$8,395.55",$820.51,"$151,604.45","$191,604.45"
351,"$8,395.55",$34.98,$858.91,$0.00,"$7,571.61",$823.93,"$152,428.39","$192,428.39"
352,"$7,571.61",$31.55,$858.91,$0.00,"$6,744.25",$827.37,"$153,255.75","$193,255.75"
353,"$6,744.25",$28.10,$858.91,$0.00,"$5,913.44",$830.81,"$154,086.56","$194,086.56"
354,"$5,913.44",$24.64,$858.91,$0.00,"$5,079.16",$834.28,"$154,920.84","$194,920.84"
355,"$5,079.16",$21.16,$858.91,$0.00,"$4,241.41",$837.75,"$155,758.59","$195,758.59"
356,"$4,241.41",$17.67,$858.91,$0.00,"$3,400.17",$841.24,"$156,599.83","$196,599.83"
357,"$3,400.17",$14.17,$858.91,$0.00,"$2,555.42",$844.75,"$157,444.58","$197,444.58"
358,"$2,555.42",$10.65,$858.91,$0.00,"$1,707.15",$848.27,"$158,292.85","$198,292.85"
359,"$1,707.15",$7.11,$858.91,$0.00,$855.35,$851.80,"$159,144.65","$199,144.65"
360,$855.35,$3.56,$858.91,$0.00,$0.00,$855.35,"$160,000.00","$200,000.00"
361,$0.00,$0.00,$0.00,0,$0.00,$0.00,"$160,000.00","$200,000.00"
362,$0.00,$0.00,$0.00,0,$0.00,$0.00,"$160,000.00","$200,000.00"
363,$0.00,$0.00,$0.00,0,$0.00,$0.00,"$160,000.00","$200,000.00"
364,$0.00,$0.00,$0.00,0,$0.00,$0.00,"$160,000.00","$200,000.00"
365,$0.00,$0.00,$0.00,0,$0.00,$0.00,"$160,000.00","$200,000.00"
366,$0.00,$0.00,$0.00,0,$0.00,$0.00,"$160,000.00","$200,000.00"
367,$0.00,$0.00,$0.00,0,$0.00,$0.00,"$160,000.00","$200,000.00"
368,$0.00,$0.00,$0.00,0,$0.00,$0.00,"$160,000.00","$200,000.00"
369,$0.00,$0.00,$0.00,0,$0.00,$0.00,"$160,000.00","$200,000.00"
370,$0.00,$0.00,$0.00,0,$0.00,$0.00,"$160,000.00","$200,000.00"
371,$0.00,$0.00,$0.00,0,$0.00,$0.00,"$160,000.00","$200,000.00"
372,$0.00,$0.00,$0.00,0,$0.00,$0.00,"$160,000.00","$200,000.00"
373,$0.00,$0.00,$0.00,0,$0.00,$0.00,"$160,000.00","$200,000.00"
374,$0.00,$0.00,$0.00,0,$0.00,$0.00,"$160,000.00","$200,000.00"
375,$0.00,$0.00,$0.00,0,$0.00,$0.00,"$160,000.00","$200,000.00"
376,$0.00,$0.00,$0.00,0,$0.00,$0.00,"$160,000.00","$200,000.00"
377,$0.00,$0.00,$0.00,0,$0.00,$0.00,"$160,000.00","$200,000.00"
378,$0.00,$0.00,$0.00,0,$0.00,$0.00,"$160,000.00","$200,000.00"
379,$0.00,$0.00,$0.00,0,$0.00,$0.00,"$160,000.00","$200,000.00"
380,$0.00,$0.00,$0.00,0,$0.00,$0.00,"$160,000.00","$200,000.00"
381,$0.00,$0.00,$0.00,0,$0.00,$0.00,"$160,000.00","$200,000.00"
382,$0.00,$0.00,$0.00,0,$0.00,$0.00,"$160,000.00","$200,000.00"
383,$0.00,$0.00,$0.00,0,$0.00,$0.00,"$160,000.00","$200,000.00"
384,$0.00,$0.00,$0.00,0,$0.00,$0.00,"$160,000.00","$200,000.00"
385,$0.00,$0.00,$0.00,0,$0.00,$0.00,"$160,000.00","$200,000.00"
386,$0.00,$0.00,$0.00,0,$0.00,$0.00,"$160,000.00","$200,000.00"
387,$0.00,$0.00,$0.00,0,$0.00,$0.00,"$160,000.00","$200,000.00"
388,$0.00,$0.00,$0.00,0,$0.00,$0.00,"$160,000.00","$200,000.00"
389,$0.00,$0.00,$0.00,0,$0.00,$0.00,"$160,000.00","$200,000.00"
390,$0.00,$0.00,$0.00,0,$0.00,$0.00,"$160,000.00","$200,000.00"
391,$0.00,$0.00,$0.00,0,$0.00,$0.00,"$160,000.00","$200,000.00"
392,$0.00,$0.00,$0.00,0,$0.00,$0.00,"$160,000.00","$200,000.00"
393,$0.00,$0.00,$0.00,0,$0.00,$0.00,"$160,000.00","$200,000.00"
394,$0.00,$0.00,$0.00,0,$0.00,$0.00,"$160,000.00","$200,000.00"
395,$0.00,$0.00,$0.00,0,$0.00,$0.00,"$160,000.00","$200,000.00"
396,$0.00,$0.00,$0.00,0,$0.00,$0.00,"$160,000.00","$200,000.00"
397,$0.00,$0.00,$0.00,0,$0.00,$0.00,"$160,000.00","$200,000.00"
398,$0.00,$0.00,$0.00,0,$0.00,$0.00,"$160,000.00","$200,000.00"
399,$0.00,$0.00,$0.00,0,$0.00,$0.00,"$160,000.00","$200,000.00"
400,$0.00,$0.00,$0.00,0,$0.00,$0.00,"$160,000.00","$200,000.00"